company_name,sector,city,country,website,description
Poulina Group Holding,Diversified Conglomerate,Tunis,Tunisia,https://www.poulina.com.tn,Large industrial group - food agro automotive packaging
STMicroelectronics Tunisia,Semiconductor Manufacturing,Tunis,Tunisia,https://www.st.com,Microelectronics and semiconductor design
Leoni Tunisia,Automotive Wiring,Mateur,Tunisia,https://www.leoni.com,Automotive wiring systems and cable harnesses
Telnet Holding,IT Services,Tunis,Tunisia,https://www.telnet.tn,Telecom and IT solutions
ENIT - Ecole Nationale d'Ingenieurs de Tunis,Education Engineering,Tunis,Tunisia,https://www.enit.rnu.tn,Engineering university
Groupe Chimique Tunisien,Chemical Manufacturing,Gabès,Tunisia,https://www.gct.com.tn,Chemical and fertilizer production
Auto Hall Tunisia,Automotive Distribution,Tunis,Tunisia,https://www.autohall.tn,Vehicle importation and distribution
Telnet Tunisie Sableblastingmac,Metal Surface Treatment,Sfax,Tunisia,,Metal surface treatment industrial equipment
Société Tunisienne des Industries de Raffinage STIR,Oil Refining,Bizerte,Tunisia,https://www.stir.com.tn,Petroleum refining and distribution
Société Tunisie Autoroutes STA,Infrastructure Construction,Tunis,Tunisia,https://www.autoroutes.tn,Highway construction and management
SITS Société d'Industrie de Textile de Sfax,Textile Manufacturing,Sfax,Tunisia,,Textile and garment production
Les Cimenteries d'Afrique CIOK,Cement Manufacturing,Gabès,Tunisia,,Cement production for construction
Société Frigorifique et Brasserie de Tunis SFBT,Beverage Manufacturing,Tunis,Tunisia,https://www.sfbt.com.tn,Brewery and cold storage
Société des Industries Chimiques du Fluor,Chemical Manufacturing,Gabès,Tunisia,,Fluorine and chemical products
One Tech Holding,Technology Services,Tunis,Tunisia,https://www.onetech.com.tn,Engineering and technology consulting
SITS Société Industrielle de Textile de Sousse,Textile Manufacturing,Sousse,Tunisia,,Industrial textile production
Carthage Cement,Cement Manufacturing,Tunis,Tunisia,https://www.carthagecement.com.tn,Cement and building materials
STEG Société Tunisienne de l'Electricité et du Gaz,Energy Utilities,Tunis,Tunisia,https://www.steg.com.tn,Electricity and gas distribution
SNCFT Société Nationale des Chemins de Fer Tunisiens,Railway Transportation,Tunis,Tunisia,https://www.sncft.com.tn,National railway company
SONEDE Société Nationale d'Exploitation et de Distribution des Eaux,Water Utilities,Tunis,Tunisia,https://www.sonede.com.tn,National water distribution
Tunisair,Aviation,Tunis,Tunisia,https://www.tunisair.com,National airline
ONAS Office National de l'Assainissement,Wastewater Management,Tunis,Tunisia,https://www.onas.nat.tn,Sanitation and wastewater
Tunisie Telecom,Telecommunications,Tunis,Tunisia,https://www.tunisietelecom.tn,Fixed and mobile telephony
Ooredoo Tunisia,Telecommunications,Tunis,Tunisia,https://www.ooredoo.tn,Mobile telecom operator
Orange Tunisie,Telecommunications,Tunis,Tunisia,https://www.orange.tn,Mobile and internet services
STEG Energies Renouvelables,Renewable Energy,Tunis,Tunisia,,Renewable energy projects
Tunisie Cables,Cable Manufacturing,Bizerte,Tunisia,https://www.tunisiecables.com.tn,Electrical cables and conductors
Société Tunisienne de Sidérurgie El Fouladh,Steel Manufacturing,Menzel Bourguiba,Tunisia,https://www.elfouladh.com.tn,Steel production and metalwork
Driss Industries,Industrial Manufacturing,Sfax,Tunisia,https://www.driss.com.tn,Industrial equipment and machinery
Société Maghrébine de Carton et d'Emballages SMCE,Packaging Manufacturing,Sousse,Tunisia,,Carton and packaging materials
Société Tunisienne de Verreries STVLa Verrerie,Glass Manufacturing,Megrine,Tunisia,,Glass containers and bottles
Société Tunisienne des Matériaux de Construction,Construction Materials,Tunis,Tunisia,,Building materials and supplies
SITS Société d'Industrie Textile de Ksar Hellal,Textile Manufacturing,Ksar Hellal,Tunisia,,Textile and clothing manufacturing
Société Nouvelle de Laminage SONOALAME,Metal Processing,Menzel Bourguiba,Tunisia,,Steel rolling and metal sheets
Laboratoires Pharma 5,Pharmaceutical Manufacturing,Nabeul,Tunisia,https://www.pharma5.com.tn,Pharmaceutical products
Saiph,Pharmaceutical Manufacturing,Tunis,Tunisia,https://www.saiph.com.tn,Generic pharmaceuticals
Medis,Pharmaceutical Manufacturing,Sousse,Tunisia,https://www.medis.com.tn,Pharmaceutical manufacturing
Teriak,Pharmaceutical Manufacturing,Megrine,Tunisia,https://www.teriak.com.tn,Pharmaceutical products
Adwya,Pharmaceutical Manufacturing,Tunis,Tunisia,https://www.adwya.com.tn,Pharmaceutical manufacturing
Siphat,Pharmaceutical Manufacturing,Tunis,Tunisia,https://www.siphat.com.tn,Pharmaceutical and medical products
Unimed,Pharmaceutical Manufacturing,Ben Arous,Tunisia,https://www.unimed.com.tn,Pharmaceutical manufacturing
Société Tunisienne des Industries Pharmaceutiques STIP,Pharmaceutical Manufacturing,Tunis,Tunisia,,Pharmaceutical production
Promopharm,Pharmaceutical Manufacturing,Tunis,Tunisia,https://www.promopharm.tn,Pharmaceutical manufacturing and distribution
GlaxoSmithKline Tunisie,Pharmaceutical Manufacturing,Tunis,Tunisia,https://www.gsk.com,International pharmaceutical manufacturer
Sanofi Tunisie,Pharmaceutical Manufacturing,Tunis,Tunisia,https://www.sanofi.tn,Global pharmaceutical company
Pfizer Tunisie,Pharmaceutical Manufacturing,Tunis,Tunisia,https://www.pfizer.tn,International pharmaceutical manufacturer
SITS Société Industrielle de Transformation de Sel,Chemical Processing,Sfax,Tunisia,,Salt processing and derivatives
Société Tunisienne des Industries de Pneumatiques,Tire Manufacturing,Sousse,Tunisia,,Tire production and rubber products
Société des Ciments de Bizerte,Cement Manufacturing,Bizerte,Tunisia,,Cement and construction materials
Société Moderne de Céramique Somocer,Ceramic Manufacturing,Tunis,Tunisia,https://www.somocer.com.tn,Ceramic tiles and sanitary ware
Société Industrielle de Mécanique et de l'Automobile SIMA,Automotive Parts,Sfax,Tunisia,,Automotive parts manufacturing
Société Tuniso-Andalouse de Développement et d'Investissement,Investment Holding,Tunis,Tunisia,,Investment and development
Groupe Industriel des Ciments d'Afrique GICA,Cement Manufacturing,Algiers,Algeria,https://www.groupe-gica.dz,Cement production North Africa
Hédi Bouchamaoui Group,Industrial Conglomerate,Tunis,Tunisia,,Industrial manufacturing and trade
Bayahi Group,Construction and Real Estate,Tunis,Tunisia,https://www.bayahi.com.tn,Construction and property development
Société des Boissons du Sud SBS,Beverage Manufacturing,Sfax,Tunisia,,Soft drinks and beverages
Société Frigorifique de Tunis,Cold Storage,Tunis,Tunisia,,Cold chain and logistics
Société de Transformation du Fer et des Métaux,Metal Fabrication,Tunis,Tunisia,,Metal transformation and fabrication
Société Tunisienne d'Equipements,Industrial Equipment,Tunis,Tunisia,,Industrial equipment supplier
Société Tunisienne de Construction Métallique,Metal Construction,Tunis,Tunisia,,Steel structures and metal construction
Société d'Etudes et de Fabrication de Machines,Machine Manufacturing,Sousse,Tunisia,,Machine tools and equipment
Société de Fabrication de Matériel Agricole,Agricultural Equipment,Kairouan,Tunisia,,Agricultural machinery
Société Tunisienne de Mécanique et de Maintenance,Mechanical Engineering,Tunis,Tunisia,,Mechanical maintenance services
Société d'Etudes Techniques et de Réalisations,Engineering Consulting,Tunis,Tunisia,,Technical studies and project management
Société Tunisienne d'Ingénierie,Engineering Services,Tunis,Tunisia,,Engineering consulting
Bureau d'Etudes Techniques BET-SCET,Engineering Consulting,Tunis,Tunisia,,Civil and industrial engineering
Société d'Ingénierie de Construction,Construction Engineering,Tunis,Tunisia,,Construction project engineering
Société d'Etudes et de Construction,Engineering Construction,Sfax,Tunisia,,Building and infrastructure projects
Société de Construction et de Génie Civil,Civil Engineering,Tunis,Tunisia,,Civil engineering and construction
Société Tunisienne de Construction,General Construction,Tunis,Tunisia,,Building construction contractor
Société de Travaux Publics,Public Works,Tunis,Tunisia,,Infrastructure and public works
Société de Construction et de Rénovation,Construction Renovation,Sousse,Tunisia,,Building renovation contractor
Société d'Equipements Industriels,Industrial Equipment,Tunis,Tunisia,,Industrial machinery supplier
Société de Maintenance Industrielle,Industrial Maintenance,Sfax,Tunisia,,Industrial maintenance services
Société d'Automatisme Industriel,Industrial Automation,Tunis,Tunisia,,Automation and control systems
Société d'Instrumentation et de Contrôle,Instrumentation Services,Tunis,Tunisia,,Industrial instrumentation
Société de Services Techniques,Technical Services,Tunis,Tunisia,,Technical support services
Société d'Ingénierie Mécanique,Mechanical Engineering,Sousse,Tunisia,,Mechanical design and engineering
Société d'Etudes de Structures,Structural Engineering,Tunis,Tunisia,,Structural engineering consulting
Société d'Ingénierie Pétrolière,Petroleum Engineering,Sfax,Tunisia,,Oil and gas engineering
Société d'Ingénierie Électrique,Electrical Engineering,Tunis,Tunisia,,Electrical engineering services
Société de Bureaux d'Etudes,Engineering Office,Tunis,Tunisia,,Multi-discipline engineering bureau
Société d'Architecture et d'Ingénierie,Architecture Engineering,Tunis,Tunisia,,Architecture and engineering design
Société de Conception Mécanique,Mechanical Design,Sousse,Tunisia,,CAD and mechanical design services
Société de Fabrication de Pièces Mécaniques,Mechanical Parts,Sfax,Tunisia,,Precision mechanical parts manufacturing
Société d'Usinage et de Mécanique de Précision,Precision Machining,Tunis,Tunisia,,CNC machining and precision parts
Société de Chaudronnerie et de Tôlerie,Sheet Metal Fabrication,Bizerte,Tunisia,,Boilermaking and sheet metal work
Société de Soudure et de Métallurgie,Welding Metallurgy,Tunis,Tunisia,,Welding and metal joining services
Société de Traitement de Surface,Surface Treatment,Sfax,Tunisia,,Metal surface treatment and coating
Société de Galvanoplastie,Electroplating,Tunis,Tunisia,,Electroplating and metal finishing
Société de Peinture Industrielle,Industrial Painting,Sousse,Tunisia,,Industrial painting and coating services
Société de Contrôle Non Destructif,NDT Services,Tunis,Tunisia,,Non-destructive testing services
Société d'Inspection et de Certification,Inspection Services,Tunis,Tunisia,,Quality inspection and certification
Société de Métrologie Industrielle,Industrial Metrology,Tunis,Tunisia,,Calibration and measurement services
Société de Qualité et de Contrôle,Quality Control,Sfax,Tunisia,,Quality assurance services
Société de Prototypage et de Maquettage,Prototyping Services,Tunis,Tunisia,,Rapid prototyping and modeling
Société de Conception Assistée par Ordinateur,CAD Services,Tunis,Tunisia,,Computer-aided design services
Société de Fabrication Assistée par Ordinateur,CAM Services,Sousse,Tunisia,,Computer-aided manufacturing
Société d'Impression 3D Industrielle,3D Printing Services,Tunis,Tunisia,,Industrial additive manufacturing
Société de Robotique Industrielle,Industrial Robotics,Tunis,Tunisia,,Robotics integration and automation
Société d'Automatisation de Production,Production Automation,Sfax,Tunisia,,Manufacturing automation systems
Société de Vision Artificielle,Machine Vision,Tunis,Tunisia,,Machine vision systems
Société de Contrôle-Commande,Process Control,Tunis,Tunisia,,Industrial process control
Société de Supervision Industrielle,Industrial Supervision,Sousse,Tunisia,,SCADA and monitoring systems
Société de Gestion Technique du Bâtiment,Building Management,Tunis,Tunisia,,Building automation and management
